timestamp,datetime_bj,year,month,day,hour,temperature_2m,relative_humidity_2m,precipitation,rain,snowfall,weather_code,pressure_msl,surface_pressure,cloud_cover,cloud_cover_low,cloud_cover_mid,cloud_cover_high,wind_speed_10m,wind_direction_10m,wind_gusts_10m,visibility,is_day,sunshine_duration,shortwave_radiation,et0_fao_evapotranspiration,weather_description
2026-01-11T00:00,2026-01-11 08:00,2026,1,11,0,5.2,45,0.0,0.0,0.0,0,1030.1,1028.5,0,0,0,0,3.8,17,7.9,24140.0,0,0.0,0.0,0.01,晴
2026-01-11T01:00,2026-01-11 09:00,2026,1,11,1,4.5,45,0.0,0.0,0.0,0,1030.4,1028.8,0,0,0,0,3.3,13,6.8,24140.0,0,0.0,0.0,0.01,晴
2026-01-11T02:00,2026-01-11 10:00,2026,1,11,2,3.8,45,0.0,0.0,0.0,0,1031.4,1029.7,0,0,0,0,2.0,45,5.4,24140.0,0,0.0,0.0,0.0,晴
2026-01-11T03:00,2026-01-11 11:00,2026,1,11,3,3.9,41,0.0,0.0,0.0,0,1031.1,1029.4,0,0,0,0,1.4,90,3.2,24140.0,0,0.0,0.0,0.0,晴
2026-01-11T04:00,2026-01-11 12:00,2026,1,11,4,3.6,39,0.0,0.0,0.0,0,1031.2,1029.5,0,0,0,0,1.0,135,2.2,24140.0,0,0.0,0.0,0.0,晴
2026-01-11T05:00,2026-01-11 13:00,2026,1,11,5,3.1,39,0.0,0.0,0.0,0,1030.8,1029.1,0,0,0,0,0.0,270,1.4,24140.0,0,0.0,0.0,0.0,晴
2026-01-11T06:00,2026-01-11 14:00,2026,1,11,6,2.5,41,0.0,0.0,0.0,0,1031.3,1029.6,0,0,0,0,0.8,27,1.4,24140.0,0,0.0,0.0,0.0,晴
2026-01-11T07:00,2026-01-11 15:00,2026,1,11,7,1.9,44,0.0,0.0,0.0,0,1031.3,1029.6,0,0,0,0,1.1,72,1.8,24140.0,1,0.0,0.0,0.0,晴
2026-01-11T08:00,2026-01-11 16:00,2026,1,11,8,2.3,45,0.0,0.0,0.0,0,1031.7,1030.0,0,0,0,0,1.8,307,3.2,24140.0,1,2231.52,68.0,0.01,晴
2026-01-11T09:00,2026-01-11 17:00,2026,1,11,9,3.6,47,0.0,0.0,0.0,0,1032.1,1030.4,0,0,0,0,1.6,27,3.2,24140.0,1,3600.0,249.0,0.08,晴
2026-01-11T10:00,2026-01-11 18:00,2026,1,11,10,6.3,41,0.0,0.0,0.0,0,1033.1,1031.5,0,0,0,0,4.9,54,10.8,24140.0,1,3600.0,429.0,0.17,晴
2026-01-11T11:00,2026-01-11 19:00,2026,1,11,11,7.8,33,0.0,0.0,0.0,0,1032.6,1031.0,0,0,0,0,8.7,48,17.6,24140.0,1,3600.0,566.0,0.25,晴
2026-01-11T12:00,2026-01-11 20:00,2026,1,11,12,8.7,31,0.0,0.0,0.0,0,1031.5,1029.9,0,0,0,0,9.8,36,19.4,24140.0,1,3600.0,642.0,0.29,晴
2026-01-11T13:00,2026-01-11 21:00,2026,1,11,13,9.5,30,0.0,0.0,0.0,0,1030.7,1029.1,0,0,0,0,9.3,16,19.4,24140.0,1,3600.0,648.0,0.3,晴
2026-01-11T14:00,2026-01-11 22:00,2026,1,11,14,10.7,20,0.0,0.0,0.0,0,1029.4,1027.8,0,0,0,0,7.3,20,20.2,24140.0,1,3600.0,584.0,0.29,晴
2026-01-11T15:00,2026-01-11 23:00,2026,1,11,15,10.8,19,0.0,0.0,0.0,0,1028.9,1027.3,0,0,0,0,9.6,20,18.7,24140.0,1,3600.0,464.0,0.24,晴
2026-01-11T16:00,2026-01-12 00:00,2026,1,11,16,10.2,21,0.0,0.0,0.0,0,1029.0,1027.4,0,0,0,0,10.9,34,20.9,24140.0,1,3600.0,289.0,0.18,晴
2026-01-11T17:00,2026-01-12 01:00,2026,1,11,17,8.6,23,0.0,0.0,0.0,0,1029.4,1027.8,0,0,0,0,12.5,44,22.7,24140.0,1,3108.81,98.0,0.11,晴
2026-01-11T18:00,2026-01-12 02:00,2026,1,11,18,6.8,25,0.0,0.0,0.0,0,1030.1,1028.5,0,0,0,0,9.4,47,22.7,24140.0,0,0.0,1.0,0.08,晴
2026-01-11T19:00,2026-01-12 03:00,2026,1,11,19,5.5,27,0.0,0.0,0.0,0,1030.2,1028.6,0,0,0,0,6.2,54,17.3,24140.0,0,0.0,0.0,0.04,晴
2026-01-11T20:00,2026-01-12 04:00,2026,1,11,20,4.2,33,0.0,0.0,0.0,1,1030.3,1028.7,37,0,37,0,4.1,52,11.5,24140.0,0,0.0,0.0,0.02,基本晴
2026-01-11T21:00,2026-01-12 05:00,2026,1,11,21,3.8,37,0.0,0.0,0.0,3,1030.0,1028.3,85,0,85,0,2.5,45,7.2,24140.0,0,0.0,0.0,0.01,多云
2026-01-11T22:00,2026-01-12 06:00,2026,1,11,22,3.6,39,0.0,0.0,0.0,1,1029.6,1027.9,13,0,13,0,1.5,346,4.3,24140.0,0,0.0,0.0,0.0,基本晴
2026-01-11T23:00,2026-01-12 07:00,2026,1,11,23,3.2,37,0.0,0.0,0.0,0,1028.7,1027.0,0,0,0,0,1.5,315,2.9,24140.0,0,0.0,0.0,0.0,晴
2026-01-12T00:00,2026-01-12 08:00,2026,1,12,0,2.6,37,0.0,0.0,0.0,0,1027.5,1025.8,0,0,0,0,2.2,279,3.2,24140.0,0,0.0,0.0,0.0,晴
2026-01-12T01:00,2026-01-12 09:00,2026,1,12,1,1.4,39,0.0,0.0,0.0,0,1026.8,1025.1,0,0,0,0,3.4,252,5.4,24140.0,0,0.0,0.0,0.01,晴
2026-01-12T02:00,2026-01-12 10:00,2026,1,12,2,-0.8,51,0.0,0.0,0.0,0,1026.4,1024.7,0,0,0,0,4.4,235,7.9,24140.0,0,0.0,0.0,0.01,晴
2026-01-12T03:00,2026-01-12 11:00,2026,1,12,3,-1.8,59,0.0,0.0,0.0,0,1026.1,1024.4,0,0,0,0,4.9,216,9.0,24140.0,0,0.0,0.0,0.01,晴
2026-01-12T04:00,2026-01-12 12:00,2026,1,12,4,-2.1,62,0.0,0.0,0.0,1,1025.5,1023.8,19,0,19,0,5.0,210,9.4,24140.0,0,0.0,0.0,0.01,基本晴
2026-01-12T05:00,2026-01-12 13:00,2026,1,12,5,-2.2,65,0.0,0.0,0.0,1,1025.0,1023.3,31,0,31,0,5.0,210,9.7,24140.0,0,0.0,0.0,0.0,基本晴
2026-01-12T06:00,2026-01-12 14:00,2026,1,12,6,-2.2,68,0.0,0.0,0.0,2,1024.8,1023.1,66,0,66,0,5.2,205,9.4,24140.0,0,0.0,0.0,0.0,局部多云
2026-01-12T07:00,2026-01-12 15:00,2026,1,12,7,-2.1,68,0.0,0.0,0.0,2,1024.6,1022.9,66,0,66,0,5.5,212,10.4,24140.0,1,0.0,0.0,0.0,局部多云
2026-01-12T08:00,2026-01-12 16:00,2026,1,12,8,-1.0,64,0.0,0.0,0.0,2,1024.4,1022.7,65,0,65,0,5.2,214,10.4,24140.0,1,700.9,54.0,0.02,局部多云
2026-01-12T09:00,2026-01-12 17:00,2026,1,12,9,2.5,54,0.0,0.0,0.0,2,1024.4,1022.8,63,0,63,0,4.7,212,10.1,24140.0,1,3600.0,205.0,0.07,局部多云
2026-01-12T10:00,2026-01-12 18:00,2026,1,12,10,6.0,37,0.0,0.0,0.0,2,1024.4,1022.8,57,0,57,0,5.5,212,11.9,24140.0,1,3600.0,376.0,0.16,局部多云
2026-01-12T11:00,2026-01-12 19:00,2026,1,12,11,8.9,32,0.0,0.0,0.0,2,1023.2,1021.6,68,0,68,0,6.0,205,14.0,24140.0,1,3600.0,479.0,0.22,局部多云
2026-01-12T12:00,2026-01-12 20:00,2026,1,12,12,10.9,29,0.0,0.0,0.0,3,1021.4,1019.8,90,0,90,0,9.7,222,19.1,24140.0,1,3600.0,457.0,0.25,多云
2026-01-12T13:00,2026-01-12 21:00,2026,1,12,13,12.3,27,0.0,0.0,0.0,3,1020.1,1018.5,93,0,93,0,11.7,227,22.7,24140.0,1,3600.0,389.0,0.25,多云
2026-01-12T14:00,2026-01-12 22:00,2026,1,12,14,13.3,28,0.0,0.0,0.0,3,1019.4,1017.8,88,0,88,0,12.2,227,23.4,24140.0,1,3600.0,353.0,0.24,多云
2026-01-12T15:00,2026-01-12 23:00,2026,1,12,15,13.8,28,0.0,0.0,0.0,3,1019.1,1017.5,92,0,92,0,12.0,226,23.8,24140.0,1,3418.5,257.0,0.21,多云
2026-01-12T16:00,2026-01-13 00:00,2026,1,12,16,13.6,28,0.0,0.0,0.0,3,1018.7,1017.1,94,0,94,0,10.2,222,22.7,24140.0,1,0.0,112.0,0.14,多云
2026-01-12T17:00,2026-01-13 01:00,2026,1,12,17,13.2,29,0.0,0.0,0.0,2,1018.5,1016.9,79,0,79,0,9.2,225,18.4,24140.0,1,0.0,44.0,0.1,局部多云
2026-01-12T18:00,2026-01-13 02:00,2026,1,12,18,11.6,33,0.0,0.0,0.0,2,1018.5,1016.9,80,0,80,8,7.7,233,16.9,24140.0,0,0.0,1.0,0.08,局部多云
2026-01-12T19:00,2026-01-13 03:00,2026,1,12,19,10.3,38,0.0,0.0,0.0,3,1018.7,1017.1,99,0,99,86,6.9,231,14.0,24140.0,0,0.0,0.0,0.04,多云
2026-01-12T20:00,2026-01-13 04:00,2026,1,12,20,9.5,41,0.0,0.0,0.0,3,1019.0,1017.4,100,0,100,45,6.4,227,12.6,24140.0,0,0.0,0.0,0.03,多云
2026-01-12T21:00,2026-01-13 05:00,2026,1,12,21,8.8,45,0.0,0.0,0.0,3,1019.1,1017.5,100,0,100,14,6.2,234,11.9,24140.0,0,0.0,0.0,0.03,多云
2026-01-12T22:00,2026-01-13 06:00,2026,1,12,22,8.1,49,0.0,0.0,0.0,3,1019.2,1017.6,86,0,86,26,5.9,232,11.2,24140.0,0,0.0,0.0,0.02,多云
2026-01-12T23:00,2026-01-13 07:00,2026,1,12,23,7.3,52,0.0,0.0,0.0,0,1019.2,1017.6,0,0,0,0,5.9,232,11.2,24140.0,0,0.0,0.0,0.02,晴
2026-01-13T00:00,2026-01-13 08:00,2026,1,13,0,6.1,58,0.0,0.0,0.0,0,1019.4,1017.8,0,0,0,0,5.7,235,11.2,24140.0,0,0.0,0.0,0.01,晴
2026-01-13T01:00,2026-01-13 09:00,2026,1,13,1,4.9,64,0.0,0.0,0.0,0,1019.9,1018.3,0,0,0,0,5.6,230,10.4,24140.0,0,0.0,0.0,0.01,晴
2026-01-13T02:00,2026-01-13 10:00,2026,1,13,2,3.8,70,0.0,0.0,0.0,0,1020.0,1018.4,0,0,0,0,5.7,235,10.4,24140.0,0,0.0,0.0,0.0,晴
2026-01-13T03:00,2026-01-13 11:00,2026,1,13,3,2.7,76,0.0,0.0,0.0,0,1019.9,1018.3,0,0,0,0,5.7,235,10.4,24140.0,0,0.0,0.0,0.0,晴
2026-01-13T04:00,2026-01-13 12:00,2026,1,13,4,2.0,80,0.0,0.0,0.0,0,1019.8,1018.2,0,0,0,0,5.7,235,10.4,24140.0,0,0.0,0.0,0.0,晴
2026-01-13T05:00,2026-01-13 13:00,2026,1,13,5,1.5,82,0.0,0.0,0.0,0,1020.4,1018.8,0,0,0,0,5.9,227,10.4,24140.0,0,0.0,0.0,0.0,晴
2026-01-13T06:00,2026-01-13 14:00,2026,1,13,6,1.1,84,0.0,0.0,0.0,0,1021.2,1019.5,0,0,0,0,5.9,227,10.4,24140.0,0,0.0,0.0,0.0,晴
2026-01-13T07:00,2026-01-13 15:00,2026,1,13,7,0.6,86,0.0,0.0,0.0,0,1021.7,1020.0,0,0,0,0,5.6,230,10.4,24140.0,1,0.0,0.0,0.0,晴
2026-01-13T08:00,2026-01-13 16:00,2026,1,13,8,1.4,83,0.0,0.0,0.0,0,1022.3,1020.6,0,0,0,0,5.4,228,10.4,24140.0,1,2242.88,66.0,0.01,晴
2026-01-13T09:00,2026-01-13 17:00,2026,1,13,9,5.1,71,0.0,0.0,0.0,0,1022.8,1021.2,0,0,0,0,4.6,231,10.1,24140.0,1,3600.0,244.0,0.08,晴
2026-01-13T10:00,2026-01-13 18:00,2026,1,13,10,10.1,50,0.0,0.0,0.0,0,1023.2,1021.6,0,0,0,0,3.2,243,9.0,24140.0,1,3600.0,420.0,0.19,晴
2026-01-13T11:00,2026-01-13 19:00,2026,1,13,11,13.3,38,0.0,0.0,0.0,0,1022.8,1021.2,0,0,0,0,2.1,239,9.0,24140.0,1,3600.0,555.0,0.28,晴
2026-01-13T12:00,2026-01-13 20:00,2026,1,13,12,15.2,31,0.0,0.0,0.0,0,1021.4,1019.8,0,0,0,0,3.8,229,11.2,24140.0,1,3600.0,634.0,0.34,晴
2026-01-13T13:00,2026-01-13 21:00,2026,1,13,13,16.2,25,0.0,0.0,0.0,0,1020.2,1018.6,0,0,0,0,4.3,222,11.5,24140.0,1,3600.0,642.0,0.35,晴
2026-01-13T14:00,2026-01-13 22:00,2026,1,13,14,16.7,24,0.0,0.0,0.0,0,1019.7,1018.1,0,0,0,0,3.6,217,11.5,24140.0,1,3600.0,583.0,0.32,晴
2026-01-13T15:00,2026-01-13 23:00,2026,1,13,15,16.8,24,0.0,0.0,0.0,0,1019.7,1018.1,0,0,0,0,3.2,207,10.1,24140.0,1,3600.0,460.0,0.25,晴
2026-01-13T16:00,2026-01-14 00:00,2026,1,13,16,16.5,25,0.0,0.0,0.0,0,1019.9,1018.3,0,0,0,0,3.4,198,8.6,24140.0,1,3600.0,290.0,0.16,晴
2026-01-13T17:00,2026-01-14 01:00,2026,1,13,17,15.6,28,0.0,0.0,0.0,0,1020.3,1018.7,0,0,0,0,2.2,171,6.8,24140.0,1,3216.21,102.0,0.05,晴
2026-01-13T18:00,2026-01-14 02:00,2026,1,13,18,14.2,34,0.0,0.0,0.0,0,1020.9,1019.3,0,0,0,0,2.6,106,3.6,24140.0,0,0.0,3.0,0.04,晴
2026-01-13T19:00,2026-01-14 03:00,2026,1,13,19,12.3,39,0.0,0.0,0.0,0,1021.3,1019.7,0,0,0,0,3.7,119,5.8,24140.0,0,0.0,0.0,0.02,晴
2026-01-13T20:00,2026-01-14 04:00,2026,1,13,20,10.0,48,0.0,0.0,0.0,0,1021.5,1019.9,0,0,0,0,4.5,119,7.9,24140.0,0,0.0,0.0,0.02,晴
2026-01-13T21:00,2026-01-14 05:00,2026,1,13,21,8.8,56,0.0,0.0,0.0,0,1021.5,1019.9,0,0,0,0,3.8,107,7.9,24140.0,0,0.0,0.0,0.01,晴
2026-01-13T22:00,2026-01-14 06:00,2026,1,13,22,8.0,60,0.0,0.0,0.0,0,1021.3,1019.7,0,0,0,0,2.7,113,6.8,24140.0,0,0.0,0.0,0.0,晴
2026-01-13T23:00,2026-01-14 07:00,2026,1,13,23,8.1,58,0.0,0.0,0.0,0,1021.2,1019.6,0,0,0,0,1.8,143,4.7,24140.0,0,0.0,0.0,0.0,晴
2026-01-14T00:00,2026-01-14 08:00,2026,1,14,0,7.9,57,0.0,0.0,0.0,0,1021.1,1019.5,0,0,0,0,1.8,217,2.5,24140.0,0,0.0,0.0,0.0,晴
2026-01-14T01:00,2026-01-14 09:00,2026,1,14,1,7.2,58,0.0,0.0,0.0,0,1021.1,1019.5,0,0,0,0,3.3,221,4.0,24140.0,0,0.0,0.0,0.0,晴
2026-01-14T02:00,2026-01-14 10:00,2026,1,14,2,5.4,65,0.0,0.0,0.0,0,1021.1,1019.5,0,0,0,0,3.8,221,5.8,24140.0,0,0.0,0.0,0.0,晴
2026-01-14T03:00,2026-01-14 11:00,2026,1,14,3,3.1,77,0.0,0.0,0.0,0,1021.0,1019.4,0,0,0,0,4.8,222,8.3,24140.0,0,0.0,0.0,0.0,晴
2026-01-14T04:00,2026-01-14 12:00,2026,1,14,4,2.0,84,0.0,0.0,0.0,0,1020.7,1019.1,0,0,0,0,5.4,222,9.4,24140.0,0,0.0,0.0,0.0,晴
2026-01-14T05:00,2026-01-14 13:00,2026,1,14,5,1.7,86,0.0,0.0,0.0,0,1020.9,1019.3,0,0,0,0,5.4,222,9.7,24140.0,0,0.0,0.0,0.0,晴
2026-01-14T06:00,2026-01-14 14:00,2026,1,14,6,1.5,87,0.0,0.0,0.0,0,1021.2,1019.6,0,0,0,0,5.6,220,10.1,24140.0,0,0.0,0.0,0.0,晴
2026-01-14T07:00,2026-01-14 15:00,2026,1,14,7,1.2,88,0.0,0.0,0.0,0,1021.4,1019.7,0,0,0,0,5.7,215,10.8,24140.0,1,0.0,0.0,0.0,晴
2026-01-14T08:00,2026-01-14 16:00,2026,1,14,8,2.1,84,0.0,0.0,0.0,0,1021.6,1020.0,0,0,0,0,6.0,213,10.8,24140.0,1,2251.04,63.0,0.01,晴
2026-01-14T09:00,2026-01-14 17:00,2026,1,14,9,6.0,71,0.0,0.0,0.0,0,1021.9,1020.3,0,0,0,0,5.0,210,10.8,24140.0,1,3600.0,237.0,0.09,晴
2026-01-14T10:00,2026-01-14 18:00,2026,1,14,10,10.9,48,0.0,0.0,0.0,0,1022.1,1020.5,0,0,0,0,4.3,204,10.1,24140.0,1,3600.0,412.0,0.19,晴
2026-01-14T11:00,2026-01-14 19:00,2026,1,14,11,14.2,36,0.0,0.0,0.0,0,1021.4,1019.8,0,0,0,0,4.2,200,11.5,24140.0,1,3600.0,547.0,0.29,晴
2026-01-14T12:00,2026-01-14 20:00,2026,1,14,12,16.7,30,0.0,0.0,0.0,0,1020.0,1018.4,0,0,0,0,6.4,196,14.0,24140.0,1,3600.0,627.0,0.36,晴
2026-01-14T13:00,2026-01-14 21:00,2026,1,14,13,18.2,29,0.0,0.0,0.0,0,1018.7,1017.1,0,0,0,0,8.9,201,18.0,24140.0,1,3600.0,639.0,0.39,晴
2026-01-14T14:00,2026-01-14 22:00,2026,1,14,14,19.2,28,0.0,0.0,0.0,0,1018.0,1016.5,0,0,0,0,8.7,197,17.6,24140.0,1,3600.0,580.0,0.36,晴
2026-01-14T15:00,2026-01-14 23:00,2026,1,14,15,19.7,29,0.0,0.0,0.0,0,1017.5,1016.0,0,0,0,0,7.9,183,17.3,24140.0,1,3600.0,459.0,0.3,晴
2026-01-14T16:00,2026-01-15 00:00,2026,1,14,16,19.5,29,0.0,0.0,0.0,0,1017.2,1015.7,0,0,0,0,6.9,171,15.5,24140.0,1,3600.0,289.0,0.2,晴
2026-01-14T17:00,2026-01-15 01:00,2026,1,14,17,18.5,33,0.0,0.0,0.0,0,1017.5,1016.0,0,0,0,0,4.7,157,13.7,24140.0,1,3270.62,103.0,0.08,晴
2026-01-14T18:00,2026-01-15 02:00,2026,1,14,18,16.0,42,0.0,0.0,0.0,0,1018.0,1016.4,0,0,0,0,3.5,156,8.3,24140.0,0,0.0,3.0,0.05,晴
2026-01-14T19:00,2026-01-15 03:00,2026,1,14,19,13.8,50,0.0,0.0,0.0,0,1018.2,1016.6,0,0,0,0,3.6,174,6.1,24140.0,0,0.0,0.0,0.01,晴
2026-01-14T20:00,2026-01-15 04:00,2026,1,14,20,11.4,62,0.0,0.0,0.0,0,1018.3,1016.7,0,0,0,0,4.2,200,7.6,24140.0,0,0.0,0.0,0.01,晴
2026-01-14T21:00,2026-01-15 05:00,2026,1,14,21,9.9,70,0.0,0.0,0.0,0,1018.2,1016.6,0,0,0,0,4.7,212,7.9,24140.0,0,0.0,0.0,0.0,晴
2026-01-14T22:00,2026-01-15 06:00,2026,1,14,22,8.8,76,0.0,0.0,0.0,0,1018.0,1016.4,0,0,0,0,5.4,217,9.0,24140.0,0,0.0,0.0,0.0,晴
2026-01-14T23:00,2026-01-15 07:00,2026,1,14,23,7.8,81,0.0,0.0,0.0,0,1017.8,1016.2,0,0,0,0,5.9,223,10.1,24140.0,0,0.0,0.0,0.0,晴
2026-01-15T00:00,2026-01-15 08:00,2026,1,15,0,7.0,82,0.0,0.0,0.0,0,1017.7,1016.1,0,0,0,0,6.1,225,10.8,24140.0,0,0.0,0.0,0.0,晴
2026-01-15T01:00,2026-01-15 09:00,2026,1,15,1,6.4,82,0.0,0.0,0.0,0,1017.7,1016.1,0,0,0,0,6.4,227,11.5,24140.0,0,0.0,0.0,0.0,晴
2026-01-15T02:00,2026-01-15 10:00,2026,1,15,2,5.9,81,0.0,0.0,0.0,0,1017.6,1016.0,0,0,0,0,6.4,227,11.9,24140.0,0,0.0,0.0,0.0,晴
2026-01-15T03:00,2026-01-15 11:00,2026,1,15,3,5.5,82,0.0,0.0,0.0,0,1017.5,1015.9,0,0,0,0,6.4,227,11.9,24140.0,0,0.0,0.0,0.0,晴
2026-01-15T04:00,2026-01-15 12:00,2026,1,15,4,5.1,82,0.0,0.0,0.0,0,1017.3,1015.7,0,0,0,0,6.4,227,11.9,24140.0,0,0.0,0.0,0.0,晴
2026-01-15T05:00,2026-01-15 13:00,2026,1,15,5,4.9,83,0.0,0.0,0.0,0,1017.4,1015.8,0,0,0,0,6.4,227,11.9,24140.0,0,0.0,0.0,0.0,晴
2026-01-15T06:00,2026-01-15 14:00,2026,1,15,6,4.3,85,0.0,0.0,0.0,0,1017.8,1016.2,0,0,0,0,6.1,230,11.5,24140.0,0,0.0,0.0,0.0,晴
2026-01-15T07:00,2026-01-15 15:00,2026,1,15,7,3.9,87,0.0,0.0,0.0,0,1018.3,1016.7,0,0,0,0,5.5,238,11.2,24140.0,1,0.0,0.0,0.0,晴
2026-01-15T08:00,2026-01-15 16:00,2026,1,15,8,4.9,84,0.0,0.0,0.0,0,1018.8,1017.2,0,0,0,0,5.0,240,10.8,24140.0,1,2260.87,66.0,0.02,晴
2026-01-15T09:00,2026-01-15 17:00,2026,1,15,9,8.3,71,0.0,0.0,0.0,1,1019.2,1017.6,4,0,4,0,3.8,229,10.1,24140.0,1,3600.0,212.0,0.09,基本晴
2026-01-15T10:00,2026-01-15 18:00,2026,1,15,10,13.2,53,0.0,0.0,0.0,1,1019.4,1017.8,7,0,7,0,3.1,201,9.4,24140.0,1,3600.0,374.0,0.19,基本晴
2026-01-15T11:00,2026-01-15 19:00,2026,1,15,11,17.0,39,0.0,0.0,0.0,1,1019.4,1017.8,11,0,11,0,2.5,188,9.4,24140.0,1,3600.0,514.0,0.28,基本晴
2026-01-15T12:00,2026-01-15 20:00,2026,1,15,12,18.9,34,0.0,0.0,0.0,0,1018.8,1017.3,7,0,7,0,1.6,243,10.8,24140.0,1,3600.0,599.0,0.34,晴
2026-01-15T13:00,2026-01-15 21:00,2026,1,15,13,19.7,33,0.0,0.0,0.0,0,1017.9,1016.4,4,0,4,0,4.0,297,13.0,24140.0,1,3600.0,621.0,0.37,晴
2026-01-15T14:00,2026-01-15 22:00,2026,1,15,14,20.1,32,0.0,0.0,0.0,0,1017.2,1015.7,0,0,0,0,6.4,313,14.8,24140.0,1,3600.0,575.0,0.36,晴
2026-01-15T15:00,2026-01-15 23:00,2026,1,15,15,20.2,29,0.0,0.0,0.0,0,1017.1,1015.6,0,0,0,0,7.2,333,16.2,24140.0,1,3600.0,476.0,0.3,晴
2026-01-15T16:00,2026-01-16 00:00,2026,1,15,16,19.7,26,0.0,0.0,0.0,0,1017.2,1015.7,0,0,0,0,8.3,358,16.9,24140.0,1,3600.0,325.0,0.22,晴
2026-01-15T17:00,2026-01-16 01:00,2026,1,15,17,18.9,26,0.0,0.0,0.0,0,1017.5,1016.0,0,0,0,0,8.8,12,16.6,24140.0,1,3325.37,137.0,0.13,晴
2026-01-15T18:00,2026-01-16 02:00,2026,1,15,18,17.4,30,0.0,0.0,0.0,0,1018.1,1016.5,0,0,0,0,7.0,21,13.7,24140.0,0,212.62,14.0,0.05,晴
2026-01-15T19:00,2026-01-16 03:00,2026,1,15,19,15.4,35,0.0,0.0,0.0,0,1018.9,1017.3,0,0,0,0,4.1,45,9.4,24140.0,0,0.0,0.0,0.03,晴
2026-01-15T20:00,2026-01-16 04:00,2026,1,15,20,13.7,41,0.0,0.0,0.0,0,1019.5,1017.9,0,0,0,0,2.9,83,6.1,24140.0,0,0.0,0.0,0.01,晴
2026-01-15T21:00,2026-01-16 05:00,2026,1,15,21,12.4,46,0.0,0.0,0.0,0,1019.7,1018.1,0,0,0,0,2.5,98,4.7,24140.0,0,0.0,0.0,0.01,晴
2026-01-15T22:00,2026-01-16 06:00,2026,1,15,22,11.3,50,0.0,0.0,0.0,0,1019.7,1018.1,0,0,0,0,1.5,104,4.0,24140.0,0,0.0,0.0,0.0,晴
2026-01-15T23:00,2026-01-16 07:00,2026,1,15,23,10.4,53,0.0,0.0,0.0,0,1019.6,1018.0,0,0,0,0,0.8,117,3.6,24140.0,0,0.0,0.0,0.0,晴
2026-01-16T00:00,2026-01-16 08:00,2026,1,16,0,9.8,54,0.0,0.0,0.0,0,1019.5,1017.9,0,0,0,0,0.4,180,3.2,24140.0,0,0.0,0.0,0.0,晴
2026-01-16T01:00,2026-01-16 09:00,2026,1,16,1,9.5,55,0.0,0.0,0.0,0,1019.4,1017.8,0,0,0,0,0.7,270,2.9,24140.0,0,0.0,0.0,0.0,晴
2026-01-16T02:00,2026-01-16 10:00,2026,1,16,2,9.0,56,0.0,0.0,0.0,0,1019.2,1017.6,0,0,0,0,1.1,270,2.5,24140.0,0,0.0,0.0,0.0,晴
2026-01-16T03:00,2026-01-16 11:00,2026,1,16,3,8.2,59,0.0,0.0,0.0,0,1018.9,1017.3,0,0,0,0,1.4,270,2.2,24140.0,0,0.0,0.0,0.0,晴
2026-01-16T04:00,2026-01-16 12:00,2026,1,16,4,7.3,64,0.0,0.0,0.0,0,1018.5,1016.9,0,0,0,0,1.5,284,2.2,24140.0,0,0.0,0.0,0.0,晴
2026-01-16T05:00,2026-01-16 13:00,2026,1,16,5,6.6,67,0.0,0.0,0.0,0,1018.3,1016.7,0,0,0,0,1.4,270,2.5,24140.0,0,0.0,0.0,0.0,晴
2026-01-16T06:00,2026-01-16 14:00,2026,1,16,6,5.8,69,0.0,0.0,0.0,0,1018.4,1016.8,0,0,0,0,1.9,248,3.2,24140.0,0,0.0,0.0,0.0,晴
2026-01-16T07:00,2026-01-16 15:00,2026,1,16,7,5.2,71,0.0,0.0,0.0,0,1018.6,1017.0,0,0,0,0,2.8,230,4.3,24140.0,1,0.0,0.0,0.0,晴
2026-01-16T08:00,2026-01-16 16:00,2026,1,16,8,5.7,69,0.0,0.0,0.0,0,1018.8,1017.2,0,0,0,0,3.3,221,5.4,24140.0,1,2238.81,63.0,0.02,晴
2026-01-16T09:00,2026-01-16 17:00,2026,1,16,9,8.4,61,0.0,0.0,0.0,0,1018.8,1017.2,0,0,0,0,2.6,214,5.8,24140.0,1,3600.0,206.0,0.09,晴
2026-01-16T10:00,2026-01-16 18:00,2026,1,16,10,12.2,49,0.0,0.0,0.0,0,1018.8,1017.2,0,0,0,0,1.9,202,5.8,24140.0,1,3600.0,367.0,0.18,晴
2026-01-16T11:00,2026-01-16 19:00,2026,1,16,11,15.5,40,0.0,0.0,0.0,0,1018.4,1016.8,0,0,0,0,1.5,166,6.5,24140.0,1,3600.0,511.0,0.27,晴
2026-01-16T12:00,2026-01-16 20:00,2026,1,16,12,17.7,36,0.0,0.0,0.0,0,1017.5,1015.9,0,0,0,0,2.6,146,8.3,24140.0,1,3600.0,582.0,0.33,晴
2026-01-16T13:00,2026-01-16 21:00,2026,1,16,13,19.2,34,0.0,0.0,0.0,0,1016.3,1014.8,0,0,0,0,4.1,142,10.4,24140.0,1,3600.0,608.0,0.36,晴
2026-01-16T14:00,2026-01-16 22:00,2026,1,16,14,20.3,33,0.0,0.0,0.0,0,1015.4,1013.9,0,0,0,0,5.1,141,12.2,24140.0,1,3600.0,575.0,0.35,晴
2026-01-16T15:00,2026-01-16 23:00,2026,1,16,15,20.6,34,0.0,0.0,0.0,1,1016.3,1014.8,10,0,10,0,5.3,118,13.0,24140.0,1,3600.0,473.0,0.29,基本晴
2026-01-16T16:00,2026-01-17 00:00,2026,1,16,16,20.4,36,0.0,0.0,0.0,1,1016.5,1015.0,21,0,21,0,4.7,99,12.6,24140.0,1,3600.0,321.0,0.19,基本晴
2026-01-16T17:00,2026-01-17 01:00,2026,1,16,17,19.7,39,0.0,0.0,0.0,1,1016.8,1015.3,31,0,31,0,4.4,81,11.9,24140.0,1,3380.33,136.0,0.08,基本晴
2026-01-16T18:00,2026-01-17 02:00,2026,1,16,18,18.1,45,0.0,0.0,0.0,2,1017.2,1015.7,46,10,42,0,4.1,75,10.4,24140.0,0,163.35,15.0,0.02,局部多云
2026-01-16T19:00,2026-01-17 03:00,2026,1,16,19,16.1,52,0.0,0.0,0.0,2,1017.8,1016.2,60,20,52,0,3.9,68,8.6,24140.0,0,0.0,0.0,0.01,局部多云
2026-01-16T20:00,2026-01-17 04:00,2026,1,16,20,14.3,58,0.0,0.0,0.0,2,1018.2,1016.6,75,30,63,0,3.2,63,6.8,24140.0,0,0.0,0.0,0.0,局部多云
2026-01-16T21:00,2026-01-17 05:00,2026,1,16,21,13.3,61,0.0,0.0,0.0,1,1018.4,1016.8,62,20,54,0,2.8,50,5.8,24140.0,0,0.0,0.0,0.0,基本晴
2026-01-16T22:00,2026-01-17 06:00,2026,1,16,22,12.7,63,0.0,0.0,0.0,1,1018.4,1016.8,48,10,44,0,2.3,39,5.0,24140.0,0,0.0,0.0,0.0,基本晴
2026-01-16T23:00,2026-01-17 07:00,2026,1,16,23,12.1,64,0.0,0.0,0.0,1,1018.4,1016.8,35,0,35,0,2.3,18,4.7,24140.0,0,0.0,0.0,0.0,基本晴
2026-01-17T00:00,2026-01-17 08:00,2026,1,17,0,11.5,65,0.0,0.0,0.0,2,1018.4,1016.8,42,11,39,0,2.2,360,4.7,24140.0,0,0.0,0.0,0.0,局部多云
2026-01-17T01:00,2026-01-17 09:00,2026,1,17,1,11.0,67,0.0,0.0,0.0,2,1018.4,1016.8,49,21,42,0,2.2,351,4.7,24140.0,0,0.0,0.0,0.0,局部多云
2026-01-17T02:00,2026-01-17 10:00,2026,1,17,2,10.4,69,0.0,0.0,0.0,2,1018.4,1016.8,56,32,46,0,2.3,342,4.7,24140.0,0,0.0,0.0,0.0,局部多云
2026-01-17T03:00,2026-01-17 11:00,2026,1,17,3,9.7,73,0.0,0.0,0.0,1,1018.4,1016.8,51,21,44,0,2.2,351,4.7,24140.0,0,0.0,0.0,0.0,基本晴
2026-01-17T04:00,2026-01-17 12:00,2026,1,17,4,8.9,78,0.0,0.0,0.0,1,1018.4,1016.8,46,11,43,0,2.5,8,4.7,24140.0,0,0.0,0.0,0.0,基本晴
2026-01-17T05:00,2026-01-17 13:00,2026,1,17,5,8.3,82,0.0,0.0,0.0,1,1018.6,1017.0,41,0,41,0,2.7,23,5.0,24140.0,0,0.0,0.0,0.0,基本晴
2026-01-17T06:00,2026-01-17 14:00,2026,1,17,6,7.8,86,0.0,0.0,0.0,3,1019.3,1017.7,59,17,56,3,2.9,30,5.4,24140.0,0,0.0,0.0,0.0,多云
2026-01-17T07:00,2026-01-17 15:00,2026,1,17,7,7.5,89,0.0,0.0,0.0,3,1020.2,1018.6,78,35,72,6,3.1,36,5.8,24140.0,1,0.0,0.0,0.0,多云
2026-01-17T08:00,2026-01-17 16:00,2026,1,17,8,7.6,91,0.0,0.0,0.0,3,1020.9,1019.3,96,52,87,9,3.4,32,6.8,24140.0,1,0.0,48.0,0.01,多云
2026-01-17T09:00,2026-01-17 17:00,2026,1,17,9,8.4,89,0.0,0.0,0.0,3,1021.3,1019.7,97,66,91,32,4.6,18,9.4,24140.0,1,0.0,128.0,0.06,多云
2026-01-17T10:00,2026-01-17 18:00,2026,1,17,10,9.6,86,0.0,0.0,0.0,3,1021.5,1019.9,99,81,96,56,5.9,11,13.0,24140.0,1,0.0,178.0,0.09,多云
2026-01-17T11:00,2026-01-17 19:00,2026,1,17,11,10.8,82,0.0,0.0,0.0,3,1021.5,1019.9,100,95,100,79,6.9,9,15.5,24140.0,1,0.0,204.0,0.11,多云
2026-01-17T12:00,2026-01-17 20:00,2026,1,17,12,12.0,79,0.0,0.0,0.0,3,1021.0,1019.4,100,91,98,59,7.0,21,15.8,24140.0,1,0.0,222.0,0.12,多云
2026-01-17T13:00,2026-01-17 21:00,2026,1,17,13,13.2,76,0.0,0.0,0.0,3,1020.2,1018.6,99,88,97,38,7.2,37,15.5,24140.0,1,0.0,228.0,0.13,多云
2026-01-17T14:00,2026-01-17 22:00,2026,1,17,14,14.0,74,0.0,0.0,0.0,3,1019.7,1018.1,99,84,95,18,8.2,52,15.8,24140.0,1,0.0,201.0,0.13,多云
2026-01-17T15:00,2026-01-17 23:00,2026,1,17,15,13.9,74,0.1,0.1,0.0,61,1019.9,1018.3,99,88,96,45,10.0,60,18.7,24140.0,1,0.0,142.0,0.1,小雨
2026-01-17T16:00,2026-01-18 00:00,2026,1,17,16,13.4,74,0.1,0.1,0.0,61,1020.4,1018.8,100,91,98,73,11.9,65,22.7,24140.0,1,0.0,75.0,0.08,小雨
2026-01-17T17:00,2026-01-18 01:00,2026,1,17,17,12.8,75,0.1,0.1,0.0,61,1020.9,1019.3,100,95,99,100,12.9,67,25.2,24140.0,1,0.0,25.0,0.06,小雨
2026-01-17T18:00,2026-01-18 02:00,2026,1,17,18,12.3,76,0.0,0.0,0.0,3,1021.4,1019.8,100,95,96,100,12.0,69,24.8,24140.0,0,0.0,2.0,0.05,多云
2026-01-17T19:00,2026-01-18 03:00,2026,1,17,19,11.7,78,0.0,0.0,0.0,3,1021.8,1020.2,100,94,94,100,10.4,70,22.7,24140.0,0,0.0,0.0,0.01,多云
2026-01-17T20:00,2026-01-18 04:00,2026,1,17,20,11.2,80,0.0,0.0,0.0,3,1022.1,1020.5,100,94,91,100,8.8,71,20.5,24140.0,0,0.0,0.0,0.01,多云
2026-01-17T21:00,2026-01-18 05:00,2026,1,17,21,10.8,82,0.0,0.0,0.0,3,1022.1,1020.5,99,87,89,67,8.0,72,18.7,24140.0,0,0.0,0.0,0.0,多云
2026-01-17T22:00,2026-01-18 06:00,2026,1,17,22,10.5,84,0.0,0.0,0.0,3,1021.8,1020.2,98,79,88,33,7.4,76,16.9,24140.0,0,0.0,0.0,0.0,多云
2026-01-17T23:00,2026-01-18 07:00,2026,1,17,23,10.2,86,0.0,0.0,0.0,3,1021.5,1019.9,97,72,86,0,6.7,74,14.8,24140.0,0,0.0,0.0,0.0,多云
