datetime_beijing,date,hour_beijing,timestamp_original,temperature_2m,relative_humidity_2m,dew_point_2m,apparent_temperature,precipitation,rain,snowfall,weather_code,pressure_msl,surface_pressure,cloud_cover,wind_speed_10m,wind_direction_10m,wind_gusts_10m,visibility,is_day,weather_description
2026-02-21 00:00,2026-02-21,0,2026-02-21T00:00,11.8,56,3.3,9.5,0.0,0.0,0.0,0,1015.2,1014.6,0,4.5,166,7.6,24140.0,0,晴
2026-02-21 01:00,2026-02-21,1,2026-02-21T01:00,11.4,55,2.7,9.0,0.0,0.0,0.0,0,1015.3,1014.7,0,4.7,171,7.9,24140.0,0,晴
2026-02-21 02:00,2026-02-21,2,2026-02-21T02:00,11.0,54,2.0,8.5,0.0,0.0,0.0,0,1014.3,1013.7,0,4.7,176,7.6,24140.0,0,晴
2026-02-21 03:00,2026-02-21,3,2026-02-21T03:00,10.6,57,2.4,8.2,0.0,0.0,0.0,0,1013.9,1013.3,0,4.3,180,7.6,24140.0,0,晴
2026-02-21 04:00,2026-02-21,4,2026-02-21T04:00,9.9,60,2.5,7.5,0.0,0.0,0.0,0,1012.9,1012.3,0,4.3,180,7.2,24140.0,0,晴
2026-02-21 05:00,2026-02-21,5,2026-02-21T05:00,9.3,62,2.4,7.0,0.0,0.0,0.0,0,1013.1,1012.5,0,4.0,175,6.8,24140.0,0,晴
2026-02-21 06:00,2026-02-21,6,2026-02-21T06:00,8.9,64,2.4,6.6,0.0,0.0,0.0,0,1012.8,1012.2,0,4.0,175,6.1,24140.0,0,晴
2026-02-21 07:00,2026-02-21,7,2026-02-21T07:00,8.7,66,2.7,6.4,0.0,0.0,0.0,0,1013.0,1012.4,0,4.0,175,6.5,24140.0,1,晴
2026-02-21 08:00,2026-02-21,8,2026-02-21T08:00,9.8,67,3.9,7.7,0.0,0.0,0.0,0,1013.0,1012.4,0,4.3,175,7.6,24140.0,1,晴
2026-02-21 09:00,2026-02-21,9,2026-02-21T09:00,12.6,60,5.0,10.3,0.0,0.0,0.0,0,1013.2,1012.6,0,7.2,177,13.7,24140.0,1,晴
2026-02-21 10:00,2026-02-21,10,2026-02-21T10:00,15.0,54,5.8,12.3,0.0,0.0,0.0,0,1013.3,1012.7,0,11.2,182,22.0,24140.0,1,晴
2026-02-21 11:00,2026-02-21,11,2026-02-21T11:00,17.3,47,5.9,15.2,0.0,0.0,0.0,0,1013.2,1012.6,0,12.6,185,24.5,24140.0,1,晴
2026-02-21 12:00,2026-02-21,12,2026-02-21T12:00,19.3,44,6.7,17.6,0.0,0.0,0.0,0,1011.9,1011.3,0,13.6,191,25.9,24140.0,1,晴
2026-02-21 13:00,2026-02-21,13,2026-02-21T13:00,21.1,38,6.2,19.3,0.0,0.0,0.0,0,1010.3,1009.7,0,14.2,201,27.4,24140.0,1,晴
2026-02-21 14:00,2026-02-21,14,2026-02-21T14:00,22.9,30,4.4,20.2,0.0,0.0,0.0,0,1009.0,1008.4,0,15.2,211,29.2,24140.0,1,晴
2026-02-21 15:00,2026-02-21,15,2026-02-21T15:00,23.7,23,1.3,19.8,0.0,0.0,0.0,0,1008.5,1007.9,0,15.7,217,29.9,24140.0,1,晴
2026-02-21 16:00,2026-02-21,16,2026-02-21T16:00,23.5,22,0.6,19.3,0.0,0.0,0.0,0,1008.2,1007.6,0,14.8,219,29.9,24140.0,1,晴
2026-02-21 17:00,2026-02-21,17,2026-02-21T17:00,22.7,24,1.0,19.0,0.0,0.0,0.0,0,1008.3,1007.7,0,11.9,215,28.1,24140.0,1,晴
2026-02-21 18:00,2026-02-21,18,2026-02-21T18:00,21.2,29,2.5,18.4,0.0,0.0,0.0,0,1008.4,1007.8,0,7.6,199,22.3,24140.0,0,晴
2026-02-21 19:00,2026-02-21,19,2026-02-21T19:00,19.0,37,4.0,16.8,0.0,0.0,0.0,0,1008.8,1008.2,0,5.1,176,13.7,24140.0,0,晴
2026-02-21 20:00,2026-02-21,20,2026-02-21T20:00,17.9,39,3.8,15.8,0.0,0.0,0.0,0,1009.2,1008.6,0,4.7,176,9.0,24140.0,0,晴
2026-02-21 21:00,2026-02-21,21,2026-02-21T21:00,17.0,42,4.0,14.8,0.0,0.0,0.0,0,1009.4,1008.8,0,5.0,180,8.3,24140.0,0,晴
2026-02-21 22:00,2026-02-21,22,2026-02-21T22:00,16.3,47,5.0,14.3,0.0,0.0,0.0,0,1009.3,1008.7,0,5.1,184,8.3,24140.0,0,晴
2026-02-21 23:00,2026-02-21,23,2026-02-21T23:00,15.7,50,5.3,13.9,0.0,0.0,0.0,0,1009.5,1008.9,0,4.7,189,8.3,24140.0,0,晴
2026-02-22 00:00,2026-02-22,0,2026-02-22T00:00,15.0,52,5.2,13.1,0.0,0.0,0.0,0,1009.7,1009.1,0,4.5,194,7.9,24140.0,0,晴
2026-02-22 01:00,2026-02-22,1,2026-02-22T01:00,14.1,54,4.9,12.2,0.0,0.0,0.0,0,1009.8,1009.2,0,4.5,194,7.2,24140.0,0,晴
2026-02-22 02:00,2026-02-22,2,2026-02-22T02:00,13.4,57,5.0,11.5,0.0,0.0,0.0,0,1009.8,1009.2,0,4.2,200,7.2,24140.0,0,晴
2026-02-22 03:00,2026-02-22,3,2026-02-22T03:00,12.8,61,5.4,11.1,0.0,0.0,0.0,0,1009.6,1009.0,0,3.9,202,6.8,24140.0,0,晴
2026-02-22 04:00,2026-02-22,4,2026-02-22T04:00,12.3,65,5.9,10.7,0.0,0.0,0.0,0,1009.9,1009.3,0,3.7,209,6.5,24140.0,0,晴
2026-02-22 05:00,2026-02-22,5,2026-02-22T05:00,11.9,69,6.3,10.5,0.0,0.0,0.0,0,1010.7,1010.1,0,3.2,207,5.4,24140.0,0,晴
2026-02-22 06:00,2026-02-22,6,2026-02-22T06:00,11.5,72,6.6,10.2,0.0,0.0,0.0,0,1011.6,1011.0,0,3.2,207,5.0,24140.0,0,晴
2026-02-22 07:00,2026-02-22,7,2026-02-22T07:00,11.3,75,7.0,10.1,0.0,0.0,0.0,0,1012.7,1012.1,0,2.8,220,4.7,24140.0,1,晴
2026-02-22 08:00,2026-02-22,8,2026-02-22T08:00,11.8,77,7.9,10.8,0.0,0.0,0.0,0,1013.7,1013.1,0,2.9,210,5.4,24140.0,1,晴
2026-02-22 09:00,2026-02-22,9,2026-02-22T09:00,15.1,70,9.7,14.7,0.0,0.0,0.0,0,1014.7,1014.1,0,2.3,252,5.4,24140.0,1,晴
2026-02-22 10:00,2026-02-22,10,2026-02-22T10:00,19.1,55,9.9,18.4,0.0,0.0,0.0,0,1015.6,1015.0,0,4.3,270,10.1,24140.0,1,晴
2026-02-22 11:00,2026-02-22,11,2026-02-22T11:00,21.7,46,9.5,20.5,0.0,0.0,0.0,0,1016.0,1015.4,0,11.8,322,23.0,24140.0,1,晴
2026-02-22 12:00,2026-02-22,12,2026-02-22T12:00,22.2,40,8.0,19.9,0.0,0.0,0.0,0,1016.1,1015.5,0,19.6,334,37.4,24140.0,1,晴
2026-02-22 13:00,2026-02-22,13,2026-02-22T13:00,22.3,39,7.6,20.1,0.0,0.0,0.0,0,1016.1,1015.5,0,18.4,343,37.4,24140.0,1,晴
2026-02-22 14:00,2026-02-22,14,2026-02-22T14:00,22.2,28,2.8,18.8,0.0,0.0,0.0,0,1015.8,1015.2,0,18.1,354,35.6,24140.0,1,晴
2026-02-22 15:00,2026-02-22,15,2026-02-22T15:00,21.5,27,1.7,17.5,0.0,0.0,0.0,0,1016.1,1015.5,0,17.0,4,34.6,24140.0,1,晴
2026-02-22 16:00,2026-02-22,16,2026-02-22T16:00,20.9,30,2.6,17.0,0.0,0.0,0.0,0,1016.6,1016.0,0,14.9,8,32.8,24140.0,1,晴
2026-02-22 17:00,2026-02-22,17,2026-02-22T17:00,20.3,31,2.6,16.9,0.0,0.0,0.0,0,1017.3,1016.7,0,11.4,11,28.8,24140.0,1,晴
2026-02-22 18:00,2026-02-22,18,2026-02-22T18:00,17.7,39,3.6,14.1,0.0,0.0,0.0,0,1018.8,1018.2,0,14.3,65,26.6,24140.0,0,晴
2026-02-22 19:00,2026-02-22,19,2026-02-22T19:00,13.8,35,-1.4,8.9,0.0,0.0,0.0,0,1020.5,1019.9,0,17.5,98,32.4,24140.0,0,晴
2026-02-22 20:00,2026-02-22,20,2026-02-22T20:00,11.6,45,0.1,6.8,0.0,0.0,0.0,0,1021.6,1021.0,0,18.4,102,34.2,24140.0,0,晴
2026-02-22 21:00,2026-02-22,21,2026-02-22T21:00,10.1,51,0.4,5.6,0.0,0.0,0.0,0,1022.8,1022.2,0,17.0,96,34.2,24140.0,0,晴
2026-02-22 22:00,2026-02-22,22,2026-02-22T22:00,9.3,53,0.2,5.0,0.0,0.0,0.0,0,1023.6,1023.0,0,15.1,87,31.7,24140.0,0,晴
2026-02-22 23:00,2026-02-22,23,2026-02-22T23:00,8.7,47,-2.0,4.6,0.0,0.0,0.0,0,1024.2,1023.6,0,11.6,85,27.7,24140.0,0,晴
2026-02-23 00:00,2026-02-23,0,2026-02-23T00:00,8.1,47,-2.6,4.3,0.0,0.0,0.0,0,1024.6,1024.0,0,8.4,80,21.2,24140.0,0,晴
2026-02-23 01:00,2026-02-23,1,2026-02-23T01:00,7.4,56,-0.9,4.3,0.0,0.0,0.0,3,1024.7,1024.1,100,5.6,75,14.8,24140.0,0,多云
2026-02-23 02:00,2026-02-23,2,2026-02-23T02:00,6.9,66,0.9,4.3,0.0,0.0,0.0,2,1024.2,1023.6,47,3.9,68,9.7,24140.0,0,局部多云
2026-02-23 03:00,2026-02-23,3,2026-02-23T03:00,6.5,72,1.8,4.1,0.0,0.0,0.0,2,1023.6,1023.0,55,3.4,32,6.8,24140.0,0,局部多云
2026-02-23 04:00,2026-02-23,4,2026-02-23T04:00,6.1,77,2.4,3.7,0.0,0.0,0.0,1,1023.4,1022.8,12,4.8,27,8.6,24140.0,0,基本晴
2026-02-23 05:00,2026-02-23,5,2026-02-23T05:00,5.7,81,2.7,3.3,0.0,0.0,0.0,3,1023.4,1022.8,95,4.7,32,9.4,24140.0,0,多云
2026-02-23 06:00,2026-02-23,6,2026-02-23T06:00,5.5,82,2.7,3.3,0.0,0.0,0.0,3,1023.9,1023.3,100,3.5,24,8.6,24140.0,0,多云
2026-02-23 07:00,2026-02-23,7,2026-02-23T07:00,5.4,84,2.9,3.3,0.0,0.0,0.0,1,1024.4,1023.8,13,2.5,8,6.5,24140.0,1,基本晴
2026-02-23 08:00,2026-02-23,8,2026-02-23T08:00,6.1,82,3.3,4.0,0.0,0.0,0.0,1,1024.6,1024.0,17,3.9,34,7.9,24140.0,1,基本晴
2026-02-23 09:00,2026-02-23,9,2026-02-23T09:00,8.4,71,3.4,5.7,0.0,0.0,0.0,3,1024.9,1024.3,89,8.0,72,15.5,24140.0,1,多云
2026-02-23 10:00,2026-02-23,10,2026-02-23T10:00,10.3,55,1.6,6.2,0.0,0.0,0.0,2,1024.6,1024.0,56,15.1,90,28.8,24140.0,1,局部多云
2026-02-23 11:00,2026-02-23,11,2026-02-23T11:00,11.6,50,1.5,7.6,0.0,0.0,0.0,1,1023.9,1023.3,14,17.7,86,33.5,24140.0,1,基本晴
2026-02-23 12:00,2026-02-23,12,2026-02-23T12:00,12.8,49,2.3,9.2,0.0,0.0,0.0,1,1022.9,1022.3,36,19.1,86,36.4,24140.0,1,基本晴
2026-02-23 13:00,2026-02-23,13,2026-02-23T13:00,13.5,47,2.4,9.6,0.0,0.0,0.0,1,1021.5,1020.9,29,20.2,89,38.2,24140.0,1,基本晴
2026-02-23 14:00,2026-02-23,14,2026-02-23T14:00,14.0,48,3.2,10.1,0.0,0.0,0.0,3,1020.4,1019.8,97,21.3,88,40.3,24140.0,1,多云
2026-02-23 15:00,2026-02-23,15,2026-02-23T15:00,13.8,50,3.6,9.0,0.0,0.0,0.0,3,1019.3,1018.7,100,22.3,87,42.1,24140.0,1,多云
2026-02-23 16:00,2026-02-23,16,2026-02-23T16:00,13.3,55,4.4,8.9,0.0,0.0,0.0,3,1019.2,1018.6,99,20.7,82,41.8,24140.0,1,多云
2026-02-23 17:00,2026-02-23,17,2026-02-23T17:00,12.1,61,4.8,7.7,0.0,0.0,0.0,2,1019.0,1018.4,55,21.3,74,40.0,24140.0,1,局部多云
2026-02-23 18:00,2026-02-23,18,2026-02-23T18:00,11.2,64,4.6,7.0,0.0,0.0,0.0,3,1019.0,1018.4,100,19.8,71,39.6,24140.0,0,多云
2026-02-23 19:00,2026-02-23,19,2026-02-23T19:00,10.7,68,5.0,6.9,0.0,0.0,0.0,3,1019.2,1018.6,100,17.7,78,36.0,24140.0,0,多云
2026-02-23 20:00,2026-02-23,20,2026-02-23T20:00,10.6,67,4.7,7.0,0.0,0.0,0.0,3,1019.2,1018.6,100,15.5,86,32.0,24140.0,0,多云
2026-02-23 21:00,2026-02-23,21,2026-02-23T21:00,10.3,70,5.1,7.2,0.0,0.0,0.0,3,1018.8,1018.2,100,13.4,95,28.1,24140.0,0,多云
2026-02-23 22:00,2026-02-23,22,2026-02-23T22:00,10.1,74,5.6,7.2,0.2,0.2,0.0,61,1018.0,1017.4,100,12.0,97,24.5,24140.0,0,小雨
2026-02-23 23:00,2026-02-23,23,2026-02-23T23:00,10.0,75,5.8,7.7,0.1,0.1,0.0,61,1017.5,1016.9,100,8.6,92,21.6,24140.0,0,小雨
2026-02-24 00:00,2026-02-24,0,2026-02-24T00:00,10.0,76,6.0,7.7,0.1,0.1,0.0,61,1016.5,1015.9,100,9.1,108,16.6,8840.0,0,小雨
2026-02-24 01:00,2026-02-24,1,2026-02-24T01:00,10.1,76,6.1,8.7,0.0,0.0,0.0,3,1016.4,1015.8,100,3.1,126,16.6,10540.0,0,多云
2026-02-24 02:00,2026-02-24,2,2026-02-24T02:00,9.8,81,6.7,8.7,0.3,0.3,0.0,61,1016.4,1015.8,100,1.8,323,5.0,10180.0,0,小雨
2026-02-24 03:00,2026-02-24,3,2026-02-24T03:00,9.7,85,7.3,8.7,1.0,1.0,0.0,61,1015.7,1015.1,100,1.9,292,4.3,8240.0,0,小雨
2026-02-24 04:00,2026-02-24,4,2026-02-24T04:00,9.5,89,7.7,8.7,1.0,1.0,0.0,61,1014.9,1014.3,100,1.5,256,5.4,6980.0,0,小雨
2026-02-24 05:00,2026-02-24,5,2026-02-24T05:00,9.3,92,8.1,8.6,1.0,1.0,0.0,61,1014.5,1013.9,100,1.6,243,6.8,21660.0,0,小雨
2026-02-24 06:00,2026-02-24,6,2026-02-24T06:00,9.3,93,8.2,8.5,0.8,0.8,0.0,61,1014.7,1014.1,100,2.2,270,7.6,23440.0,0,小雨
2026-02-24 07:00,2026-02-24,7,2026-02-24T07:00,9.3,93,8.2,8.4,0.8,0.8,0.0,61,1015.2,1014.6,100,3.1,291,8.6,24000.0,1,小雨
2026-02-24 08:00,2026-02-24,8,2026-02-24T08:00,9.5,92,8.3,8.5,0.8,0.8,0.0,61,1015.6,1015.0,100,4.0,297,9.7,24140.0,1,小雨
2026-02-24 09:00,2026-02-24,9,2026-02-24T09:00,9.9,90,8.3,8.8,0.2,0.2,0.0,3,1015.9,1015.3,99,4.7,293,10.4,24140.0,1,多云
2026-02-24 10:00,2026-02-24,10,2026-02-24T10:00,10.5,87,8.4,9.2,0.2,0.2,0.0,3,1016.1,1015.5,99,5.7,288,10.8,24140.0,1,多云
2026-02-24 11:00,2026-02-24,11,2026-02-24T11:00,11.0,84,8.4,9.7,0.2,0.2,0.0,3,1016.2,1015.6,98,6.3,294,12.2,24140.0,1,多云
2026-02-24 12:00,2026-02-24,12,2026-02-24T12:00,11.7,83,8.9,10.3,0.2,0.2,0.0,61,1015.9,1015.3,99,7.4,313,14.8,24140.0,1,小雨
2026-02-24 13:00,2026-02-24,13,2026-02-24T13:00,12.4,83,9.6,10.9,0.2,0.2,0.0,61,1015.5,1014.9,99,9.3,332,18.4,24140.0,1,小雨
2026-02-24 14:00,2026-02-24,14,2026-02-24T14:00,12.6,82,9.6,10.8,0.2,0.2,0.0,61,1015.5,1014.9,100,11.5,340,22.0,24100.0,1,小雨
2026-02-24 15:00,2026-02-24,15,2026-02-24T15:00,12.1,80,8.8,9.8,0.1,0.1,0.0,3,1016.1,1015.5,100,13.6,338,25.9,24140.0,1,多云
2026-02-24 16:00,2026-02-24,16,2026-02-24T16:00,11.2,78,7.5,8.3,0.1,0.1,0.0,3,1017.0,1016.4,100,15.1,335,29.9,23420.0,1,多云
2026-02-24 17:00,2026-02-24,17,2026-02-24T17:00,10.4,77,6.5,7.1,0.1,0.1,0.0,3,1018.0,1017.4,100,16.1,333,32.4,23000.0,1,多云
2026-02-24 18:00,2026-02-24,18,2026-02-24T18:00,9.9,77,6.0,6.5,0.0,0.0,0.0,3,1018.9,1018.3,100,15.9,335,32.0,22800.0,0,多云
2026-02-24 19:00,2026-02-24,19,2026-02-24T19:00,9.6,78,5.9,6.4,0.0,0.0,0.0,3,1019.9,1019.3,100,14.8,337,29.9,24140.0,0,多云
2026-02-24 20:00,2026-02-24,20,2026-02-24T20:00,9.3,79,5.8,6.2,0.0,0.0,0.0,3,1020.6,1020.0,100,13.9,339,27.7,24140.0,0,多云
2026-02-24 21:00,2026-02-24,21,2026-02-24T21:00,9.1,79,5.6,6.1,0.0,0.0,0.0,3,1020.9,1020.3,100,13.1,339,26.3,24140.0,0,多云
2026-02-24 22:00,2026-02-24,22,2026-02-24T22:00,8.9,80,5.6,6.1,0.0,0.0,0.0,3,1020.9,1020.3,100,12.1,337,24.8,24140.0,0,多云
2026-02-24 23:00,2026-02-24,23,2026-02-24T23:00,8.8,80,5.5,6.1,0.0,0.0,0.0,3,1020.9,1020.3,100,11.3,338,23.4,24140.0,0,多云
2026-02-25 00:00,2026-02-25,0,2026-02-25T00:00,8.8,80,5.5,6.1,0.0,0.0,0.0,3,1021.0,1020.4,100,10.5,338,22.0,24140.0,0,多云
2026-02-25 01:00,2026-02-25,1,2026-02-25T01:00,8.7,81,5.6,6.2,0.0,0.0,0.0,3,1021.0,1020.4,100,10.0,339,20.5,24140.0,0,多云
2026-02-25 02:00,2026-02-25,2,2026-02-25T02:00,8.7,81,5.6,6.3,0.0,0.0,0.0,3,1021.0,1020.4,100,9.4,337,19.1,24140.0,0,多云
2026-02-25 03:00,2026-02-25,3,2026-02-25T03:00,8.7,82,5.8,6.5,0.0,0.0,0.0,3,1020.9,1020.3,100,8.2,331,17.3,24140.0,0,多云
2026-02-25 04:00,2026-02-25,4,2026-02-25T04:00,8.8,82,5.9,6.7,0.0,0.0,0.0,3,1020.8,1020.2,100,7.2,323,15.8,24140.0,0,多云
2026-02-25 05:00,2026-02-25,5,2026-02-25T05:00,8.8,83,6.1,6.9,0.0,0.0,0.0,3,1020.8,1020.2,100,6.4,317,14.0,24140.0,0,多云
2026-02-25 06:00,2026-02-25,6,2026-02-25T06:00,8.9,83,6.1,7.1,0.0,0.0,0.0,3,1021.2,1020.6,100,5.6,315,12.2,24140.0,0,多云
2026-02-25 07:00,2026-02-25,7,2026-02-25T07:00,8.9,84,6.3,7.3,0.0,0.0,0.0,3,1021.7,1021.1,100,4.6,321,10.4,24140.0,1,多云
2026-02-25 08:00,2026-02-25,8,2026-02-25T08:00,9.0,84,6.4,7.4,0.0,0.0,0.0,3,1022.1,1021.5,100,4.2,329,9.0,24140.0,1,多云
2026-02-25 09:00,2026-02-25,9,2026-02-25T09:00,9.1,84,6.5,7.7,0.0,0.0,0.0,3,1022.2,1021.6,100,3.9,338,8.6,24140.0,1,多云
2026-02-25 10:00,2026-02-25,10,2026-02-25T10:00,9.3,84,6.7,7.9,0.0,0.0,0.0,3,1022.2,1021.6,100,4.0,355,9.0,24140.0,1,多云
2026-02-25 11:00,2026-02-25,11,2026-02-25T11:00,9.6,83,6.9,8.2,0.0,0.0,0.0,3,1021.9,1021.3,100,4.0,5,9.0,24140.0,1,多云
2026-02-25 12:00,2026-02-25,12,2026-02-25T12:00,10.1,81,6.9,8.8,0.0,0.0,0.0,3,1021.2,1020.6,99,3.4,18,8.6,24140.0,1,多云
2026-02-25 13:00,2026-02-25,13,2026-02-25T13:00,10.6,79,7.1,9.4,0.0,0.0,0.0,3,1020.2,1019.6,99,3.1,45,8.3,24140.0,1,多云
2026-02-25 14:00,2026-02-25,14,2026-02-25T14:00,11.1,77,7.2,9.9,0.0,0.0,0.0,3,1019.4,1018.8,98,3.1,69,7.9,24140.0,1,多云
2026-02-25 15:00,2026-02-25,15,2026-02-25T15:00,11.5,76,7.4,10.3,0.0,0.0,0.0,3,1018.9,1018.3,96,3.3,96,8.3,24140.0,1,多云
2026-02-25 16:00,2026-02-25,16,2026-02-25T16:00,11.8,76,7.7,10.6,0.0,0.0,0.0,3,1018.6,1018.0,93,4.0,117,9.0,24140.0,1,多云
2026-02-25 17:00,2026-02-25,17,2026-02-25T17:00,11.9,76,7.8,10.6,0.0,0.0,0.0,3,1018.5,1017.9,91,4.9,126,9.7,24140.0,1,多云
2026-02-25 18:00,2026-02-25,18,2026-02-25T18:00,11.8,76,7.7,10.5,0.0,0.0,0.0,3,1018.7,1018.1,93,4.9,126,10.1,24140.0,0,多云
2026-02-25 19:00,2026-02-25,19,2026-02-25T19:00,11.6,76,7.5,10.2,0.0,0.0,0.0,3,1019.1,1018.5,96,5.0,120,10.1,24140.0,0,多云
2026-02-25 20:00,2026-02-25,20,2026-02-25T20:00,11.2,77,7.3,9.8,0.0,0.0,0.0,3,1019.2,1018.6,98,5.0,111,10.8,24140.0,0,多云
2026-02-25 21:00,2026-02-25,21,2026-02-25T21:00,10.8,78,7.1,9.2,0.0,0.0,0.0,3,1018.9,1018.3,99,5.8,97,12.2,24140.0,0,多云
2026-02-25 22:00,2026-02-25,22,2026-02-25T22:00,10.3,80,7.0,8.4,0.0,0.0,0.0,3,1018.3,1017.7,99,7.2,87,14.0,24140.0,0,多云
2026-02-25 23:00,2026-02-25,23,2026-02-25T23:00,9.9,82,6.9,7.9,0.0,0.0,0.0,3,1017.8,1017.2,100,8.0,82,14.8,24140.0,0,多云
2026-02-26 00:00,2026-02-26,0,2026-02-26T00:00,9.8,83,7.0,8.0,0.0,0.0,0.0,3,1017.5,1016.9,100,6.8,87,14.0,24140.0,0,多云
2026-02-26 01:00,2026-02-26,1,2026-02-26T01:00,9.8,84,7.2,8.4,0.0,0.0,0.0,3,1017.2,1016.6,100,4.6,108,12.2,24140.0,0,多云
2026-02-26 02:00,2026-02-26,2,2026-02-26T02:00,9.8,84,7.2,8.5,0.0,0.0,0.0,3,1016.9,1016.3,100,3.8,131,10.4,24140.0,0,多云
2026-02-26 03:00,2026-02-26,3,2026-02-26T03:00,9.8,84,7.2,8.6,0.0,0.0,0.0,3,1016.3,1015.7,100,3.6,135,9.0,19320.0,0,多云
2026-02-26 04:00,2026-02-26,4,2026-02-26T04:00,9.9,85,7.5,8.7,0.0,0.0,0.0,3,1015.7,1015.1,100,3.6,127,7.6,14500.0,0,多云
2026-02-26 05:00,2026-02-26,5,2026-02-26T05:00,10.0,85,7.6,8.9,0.0,0.0,0.0,3,1015.2,1014.6,100,3.2,117,6.5,9680.0,0,多云
2026-02-26 06:00,2026-02-26,6,2026-02-26T06:00,10.1,85,7.6,9.0,0.0,0.0,0.0,3,1015.2,1014.6,99,3.1,111,5.8,13800.0,0,多云
2026-02-26 07:00,2026-02-26,7,2026-02-26T07:00,10.2,85,7.8,9.3,0.0,0.0,0.0,3,1015.4,1014.8,97,2.5,98,5.4,17900.0,1,多云
2026-02-26 08:00,2026-02-26,8,2026-02-26T08:00,10.6,84,8.0,9.7,0.0,0.0,0.0,3,1015.4,1014.8,96,2.5,90,5.4,22020.0,1,多云
2026-02-26 09:00,2026-02-26,9,2026-02-26T09:00,11.4,82,8.4,10.6,0.2,0.0,0.0,80,1015.2,1014.6,97,2.5,90,6.5,22720.0,1,小阵雨
2026-02-26 10:00,2026-02-26,10,2026-02-26T10:00,12.5,79,8.9,11.8,0.2,0.0,0.0,80,1014.9,1014.3,99,2.5,98,7.9,23440.0,1,小阵雨
2026-02-26 11:00,2026-02-26,11,2026-02-26T11:00,13.4,78,9.6,12.8,0.2,0.0,0.0,80,1014.2,1013.6,100,3.0,104,9.4,24140.0,1,小阵雨
2026-02-26 12:00,2026-02-26,12,2026-02-26T12:00,14.0,79,10.4,13.4,1.6,0.0,0.0,80,1013.0,1012.4,100,4.5,104,11.2,24140.0,1,小阵雨
2026-02-26 13:00,2026-02-26,13,2026-02-26T13:00,14.5,81,11.2,13.9,1.6,0.0,0.0,80,1011.5,1010.9,100,6.2,100,13.0,24140.0,1,小阵雨
2026-02-26 14:00,2026-02-26,14,2026-02-26T14:00,14.8,83,11.9,14.3,1.6,0.0,0.0,80,1010.3,1009.7,100,7.3,99,14.0,24140.0,1,小阵雨
2026-02-26 15:00,2026-02-26,15,2026-02-26T15:00,14.9,84,12.2,14.5,1.5,0.0,0.0,80,1009.6,1009.0,100,7.2,93,13.7,24140.0,1,小阵雨
2026-02-26 16:00,2026-02-26,16,2026-02-26T16:00,14.9,84,12.2,14.7,1.5,0.0,0.0,80,1009.2,1008.6,100,6.2,83,12.2,24140.0,1,小阵雨
2026-02-26 17:00,2026-02-26,17,2026-02-26T17:00,14.8,85,12.3,14.8,1.5,0.0,0.0,80,1009.0,1008.4,100,5.2,74,10.8,24140.0,1,小阵雨
2026-02-26 18:00,2026-02-26,18,2026-02-26T18:00,14.5,87,12.4,14.7,0.9,0.0,0.0,80,1008.9,1008.3,100,3.9,56,9.7,23920.0,0,小阵雨
2026-02-26 19:00,2026-02-26,19,2026-02-26T19:00,14.1,90,12.4,14.4,0.9,0.0,0.0,80,1009.0,1008.4,100,2.7,23,8.6,23720.0,0,小阵雨
2026-02-26 20:00,2026-02-26,20,2026-02-26T20:00,13.7,92,12.4,14.1,0.9,0.0,0.0,80,1009.0,1008.4,100,2.5,352,7.6,23500.0,0,小阵雨
2026-02-26 21:00,2026-02-26,21,2026-02-26T21:00,13.5,94,12.5,13.9,1.0,0.1,0.0,80,1008.8,1008.2,100,2.4,333,6.1,23060.0,0,小阵雨
2026-02-26 22:00,2026-02-26,22,2026-02-26T22:00,13.3,95,12.5,13.7,1.0,0.1,0.0,80,1008.5,1007.9,100,2.1,329,4.3,22640.0,0,小阵雨
2026-02-26 23:00,2026-02-26,23,2026-02-26T23:00,13.1,96,12.5,13.7,1.0,0.1,0.0,80,1008.1,1007.5,100,1.5,315,3.2,22200.0,0,小阵雨
2026-02-27 00:00,2026-02-27,0,2026-02-27T00:00,13.0,97,12.5,13.7,1.6,0.8,0.0,61,1007.6,1007.0,100,0.7,270,3.6,17700.0,0,小雨
2026-02-27 01:00,2026-02-27,1,2026-02-27T01:00,13.0,97,12.5,13.6,1.6,0.8,0.0,61,1007.0,1006.4,100,1.1,162,4.3,13180.0,0,小雨
2026-02-27 02:00,2026-02-27,2,2026-02-27T02:00,13.0,97,12.5,13.5,1.6,0.8,0.0,61,1006.5,1005.9,100,1.5,166,5.8,8680.0,0,小雨
2026-02-27 03:00,2026-02-27,3,2026-02-27T03:00,12.9,98,12.6,13.6,1.8,1.6,0.0,63,1006.2,1005.6,100,0.7,270,7.6,10280.0,0,中雨
2026-02-27 04:00,2026-02-27,4,2026-02-27T04:00,12.9,99,12.7,13.2,1.8,1.6,0.0,63,1006.0,1005.4,100,3.8,311,9.4,11860.0,0,中雨
2026-02-27 05:00,2026-02-27,5,2026-02-27T05:00,12.9,98,12.5,12.8,1.8,1.6,0.0,63,1006.2,1005.6,100,6.1,320,11.5,13460.0,0,中雨
2026-02-27 06:00,2026-02-27,6,2026-02-27T06:00,12.9,95,12.1,12.5,0.4,0.1,0.0,3,1006.9,1006.3,100,7.0,325,13.7,15100.0,0,多云
2026-02-27 07:00,2026-02-27,7,2026-02-27T07:00,12.9,91,11.4,12.2,0.4,0.1,0.0,3,1007.8,1007.2,100,7.4,337,15.8,16740.0,1,多云
2026-02-27 08:00,2026-02-27,8,2026-02-27T08:00,13.0,87,10.8,12.0,0.4,0.1,0.0,3,1008.7,1008.1,100,8.1,339,18.0,18380.0,1,多云
2026-02-27 09:00,2026-02-27,9,2026-02-27T09:00,13.2,84,10.5,11.9,0.0,0.0,0.0,3,1009.4,1008.8,100,9.5,335,20.2,20300.0,1,多云
2026-02-27 10:00,2026-02-27,10,2026-02-27T10:00,13.4,80,10.0,11.8,0.0,0.0,0.0,3,1010.0,1009.4,100,11.5,328,22.7,22220.0,1,多云
2026-02-27 11:00,2026-02-27,11,2026-02-27T11:00,13.6,78,9.8,11.5,0.0,0.0,0.0,3,1010.5,1009.9,100,13.5,326,25.6,24140.0,1,多云
2026-02-27 12:00,2026-02-27,12,2026-02-27T12:00,13.6,77,9.6,11.2,0.0,0.0,0.0,3,1010.8,1010.2,100,15.6,326,29.2,24140.0,1,多云
2026-02-27 13:00,2026-02-27,13,2026-02-27T13:00,13.5,76,9.4,10.7,0.0,0.0,0.0,3,1011.0,1010.4,100,17.8,328,33.1,24140.0,1,多云
2026-02-27 14:00,2026-02-27,14,2026-02-27T14:00,13.3,76,9.2,10.3,0.0,0.0,0.0,3,1011.4,1010.8,100,18.9,329,36.0,24140.0,1,多云
2026-02-27 15:00,2026-02-27,15,2026-02-27T15:00,13.0,77,9.0,9.9,0.0,0.0,0.0,3,1012.1,1011.5,100,18.9,329,37.4,24140.0,1,多云
2026-02-27 16:00,2026-02-27,16,2026-02-27T16:00,12.5,79,9.0,9.6,0.0,0.0,0.0,3,1012.9,1012.3,100,18.1,329,37.4,24140.0,1,多云
2026-02-27 17:00,2026-02-27,17,2026-02-27T17:00,12.1,80,8.8,9.4,0.0,0.0,0.0,3,1013.8,1013.2,100,16.6,330,36.4,24140.0,1,多云
2026-02-27 18:00,2026-02-27,18,2026-02-27T18:00,12.0,81,8.8,9.5,0.0,0.0,0.0,3,1014.7,1014.1,100,15.0,336,32.8,24140.0,0,多云
2026-02-27 19:00,2026-02-27,19,2026-02-27T19:00,11.9,81,8.7,9.6,0.0,0.0,0.0,3,1015.6,1015.0,100,13.0,346,28.1,24140.0,0,多云
2026-02-27 20:00,2026-02-27,20,2026-02-27T20:00,11.7,81,8.6,9.6,0.0,0.0,0.0,3,1016.3,1015.7,100,11.6,355,23.4,24140.0,0,多云
2026-02-27 21:00,2026-02-27,21,2026-02-27T21:00,11.5,81,8.3,9.6,0.0,0.0,0.0,3,1016.8,1016.2,95,9.7,2,19.8,24140.0,0,多云
2026-02-27 22:00,2026-02-27,22,2026-02-27T22:00,11.2,81,8.0,9.5,0.0,0.0,0.0,3,1017.3,1016.7,90,8.0,10,16.6,24140.0,0,多云
2026-02-27 23:00,2026-02-27,23,2026-02-27T23:00,10.8,81,7.7,9.2,0.0,0.0,0.0,3,1017.6,1017.0,85,6.8,18,14.4,24140.0,0,多云
